<?xml version="1.0" encoding="utf-16"?>
<ArrayOfCategory xmlns:xsd="http://www.w3.org/2001/XMLSchema" xmlns:xsi="http://www.w3.org/2001/XMLSchema-instance">
  <Category>
    <Identity>
      <Id>71C6F95F56EB41F9AE8BA963494B0106</Id>
      <AutomaticallyPopulate>true</AutomaticallyPopulate>
      <Name>EnhancedWorkspace</Name>
    </Identity>
    <Description />
    <ResourceAccessList>
      <ResourceAccess>
        <ResourceIdentity>
          <Id>7DF43CCDF24611D2804B00104B71BD15</Id>
          <AutomaticallyPopulate>true</AutomaticallyPopulate>
          <Name>Everyone</Name>
          <ResourceType>GroupOfWorkers</ResourceType>
          <EmailAddress />
          <UserId />
        </ResourceIdentity>
        <AccessType>MaintenanceAccess</AccessType>
        <PermissionType>FullControl</PermissionType>
      </ResourceAccess>
    </ResourceAccessList>
    <LastModifiedDate>2018-06-30T20:02:39.017</LastModifiedDate>
    <LastModifiedUser>D20F58F229444EA9922AB605FC2BE6EC</LastModifiedUser>
    <LastModifiedUserName>kofax</LastModifiedUserName>
  </Category>
</ArrayOfCategory>