<?xml version="1.0" encoding="utf-16"?>
<ArrayOfSite xmlns:xsd="http://www.w3.org/2001/XMLSchema" xmlns:xsi="http://www.w3.org/2001/XMLSchema-instance">
  <Site>
    <SiteIdentity>
      <Id>4DBDAD94E94D4BBE93AE0077525CA7C9</Id>
      <AutomaticallyPopulate>true</AutomaticallyPopulate>
      <Name>Debug</Name>
    </SiteIdentity>
    <CategoryIdentity>
      <Id>71C6F95F56EB41F9AE8BA963494B0106</Id>
      <AutomaticallyPopulate>true</AutomaticallyPopulate>
      <Name>EnhancedWorkspace                                 </Name>
    </CategoryIdentity>
    <LastModifiedUser>
      <Id>D20F58F229444EA9922AB605FC2BE6EC</Id>
      <AutomaticallyPopulate>true</AutomaticallyPopulate>
      <Name>kofax</Name>
      <ResourceType>Worker</ResourceType>
      <EmailAddress />
      <UserId />
    </LastModifiedUser>
    <LastModifiedTime>2018-06-30T20:04:53.963</LastModifiedTime>
    <Settings>
      <DesktopSite>
        <DefaultForm>
          <Id />
          <AutomaticallyPopulate>true</AutomaticallyPopulate>
          <Name />
          <Version>0</Version>
        </DefaultForm>
        <HeaderForm>
          <Id>47054C66ED754185A671EA6440515E3F</Id>
          <AutomaticallyPopulate>true</AutomaticallyPopulate>
          <Name>EnhancedWorkspaceHeader</Name>
          <Version>0</Version>
        </HeaderForm>
        <HorizontalNavigationMenu>
          <Id>57546F239FC640A09A951DA940D524C9</Id>
          <Name>WorkspaceMenu</Name>
          <LastModifiedDate>2017-11-08T17:19:07.9579666-08:00</LastModifiedDate>
        </HorizontalNavigationMenu>
        <VerticalNavigationMenu>
          <Name />
          <LastModifiedDate>2017-11-13T18:12:18.4307761-08:00</LastModifiedDate>
        </VerticalNavigationMenu>
        <ThemeIdentity>
          <Id>0178FEA2525C4F3D8AC51E3C273D865D</Id>
          <AutomaticallyPopulate>true</AutomaticallyPopulate>
          <Name>TotalAgility Workspace</Name>
        </ThemeIdentity>
      </DesktopSite>
      <TabletSite>
        <DefaultForm>
          <Id />
          <AutomaticallyPopulate>true</AutomaticallyPopulate>
          <Name />
          <Version>0</Version>
        </DefaultForm>
        <HeaderForm>
          <Id>47054C66ED754185A671EA6440515E3F</Id>
          <AutomaticallyPopulate>true</AutomaticallyPopulate>
          <Name>EnhancedWorkspaceHeader</Name>
          <Version>0</Version>
        </HeaderForm>
        <HorizontalNavigationMenu>
          <Id>57546F239FC640A09A951DA940D524C9</Id>
          <Name>WorkspaceMenu</Name>
          <LastModifiedDate>2017-11-13T18:12:18.4307761-08:00</LastModifiedDate>
        </HorizontalNavigationMenu>
        <VerticalNavigationMenu>
          <Name />
          <LastModifiedDate>2017-11-13T18:12:18.4307761-08:00</LastModifiedDate>
        </VerticalNavigationMenu>
        <ThemeIdentity>
          <Id>0178FEA2525C4F3D8AC51E3C273D865D</Id>
          <AutomaticallyPopulate>true</AutomaticallyPopulate>
          <Name>TotalAgility Workspace</Name>
        </ThemeIdentity>
      </TabletSite>
      <MobileSite>
        <DefaultForm>
          <Id />
          <AutomaticallyPopulate>true</AutomaticallyPopulate>
          <Name />
          <Version>0</Version>
        </DefaultForm>
        <HeaderForm>
          <Id>47054C66ED754185A671EA6440515E3F</Id>
          <AutomaticallyPopulate>true</AutomaticallyPopulate>
          <Name>EnhancedWorkspaceHeader</Name>
          <Version>0</Version>
        </HeaderForm>
        <HorizontalNavigationMenu>
          <Id>57546F239FC640A09A951DA940D524C9</Id>
          <Name>WorkspaceMenu</Name>
          <LastModifiedDate>2017-11-13T18:12:18.4307761-08:00</LastModifiedDate>
        </HorizontalNavigationMenu>
        <VerticalNavigationMenu>
          <Name />
          <LastModifiedDate>2017-11-13T18:12:18.4307761-08:00</LastModifiedDate>
        </VerticalNavigationMenu>
        <ThemeIdentity>
          <Id>0178FEA2525C4F3D8AC51E3C273D865D</Id>
          <AutomaticallyPopulate>true</AutomaticallyPopulate>
          <Name>TotalAgility Workspace</Name>
        </ThemeIdentity>
      </MobileSite>
      <SiteLanguages />
    </Settings>
    <LockedBy>
      <Id>D20F58F229444EA9922AB605FC2BE6EC</Id>
      <AutomaticallyPopulate>true</AutomaticallyPopulate>
      <Name />
      <ResourceType>Worker</ResourceType>
      <EmailAddress />
      <UserId />
    </LockedBy>
  </Site>
  <Site>
    <SiteIdentity>
      <Id>CED79BD6185C4350872A2FED25BA16C7</Id>
      <AutomaticallyPopulate>true</AutomaticallyPopulate>
      <Name>BlankSite</Name>
    </SiteIdentity>
    <CategoryIdentity>
      <Id>71C6F95F56EB41F9AE8BA963494B0106</Id>
      <AutomaticallyPopulate>true</AutomaticallyPopulate>
      <Name>EnhancedWorkspace                                 </Name>
    </CategoryIdentity>
    <LastModifiedUser>
      <Id>D20F58F229444EA9922AB605FC2BE6EC</Id>
      <AutomaticallyPopulate>true</AutomaticallyPopulate>
      <Name>kofax</Name>
      <ResourceType>Worker</ResourceType>
      <EmailAddress />
      <UserId />
    </LastModifiedUser>
    <LastModifiedTime>2018-06-30T20:06:03.183</LastModifiedTime>
    <Settings>
      <DesktopSite>
        <DefaultForm>
          <Id />
          <AutomaticallyPopulate>true</AutomaticallyPopulate>
          <Name />
          <Version>0</Version>
        </DefaultForm>
        <HeaderForm>
          <Id />
          <AutomaticallyPopulate>true</AutomaticallyPopulate>
          <Name />
          <Version>0</Version>
        </HeaderForm>
        <HorizontalNavigationMenu>
          <Name />
          <LastModifiedDate>2018-06-30T20:05:47.6800152-07:00</LastModifiedDate>
        </HorizontalNavigationMenu>
        <VerticalNavigationMenu>
          <Name />
          <LastModifiedDate>2018-06-30T20:05:47.6800152-07:00</LastModifiedDate>
        </VerticalNavigationMenu>
        <ThemeIdentity>
          <Id>0178FEA2525C4F3D8AC51E3C273D865D</Id>
          <AutomaticallyPopulate>true</AutomaticallyPopulate>
          <Name>TotalAgility Workspace</Name>
        </ThemeIdentity>
      </DesktopSite>
      <TabletSite>
        <DefaultForm>
          <Id />
          <AutomaticallyPopulate>true</AutomaticallyPopulate>
          <Name />
          <Version>0</Version>
        </DefaultForm>
        <HeaderForm>
          <Id />
          <AutomaticallyPopulate>true</AutomaticallyPopulate>
          <Name />
          <Version>0</Version>
        </HeaderForm>
        <HorizontalNavigationMenu>
          <Name />
          <LastModifiedDate>2018-06-30T20:05:47.6800152-07:00</LastModifiedDate>
        </HorizontalNavigationMenu>
        <VerticalNavigationMenu>
          <Name />
          <LastModifiedDate>2018-06-30T20:05:47.6800152-07:00</LastModifiedDate>
        </VerticalNavigationMenu>
        <ThemeIdentity>
          <Id>0178FEA2525C4F3D8AC51E3C273D865D</Id>
          <AutomaticallyPopulate>true</AutomaticallyPopulate>
          <Name>TotalAgility Workspace</Name>
        </ThemeIdentity>
      </TabletSite>
      <MobileSite>
        <DefaultForm>
          <Id />
          <AutomaticallyPopulate>true</AutomaticallyPopulate>
          <Name />
          <Version>0</Version>
        </DefaultForm>
        <HeaderForm>
          <Id />
          <AutomaticallyPopulate>true</AutomaticallyPopulate>
          <Name />
          <Version>0</Version>
        </HeaderForm>
        <HorizontalNavigationMenu>
          <Name />
          <LastModifiedDate>2018-06-30T20:05:47.6800152-07:00</LastModifiedDate>
        </HorizontalNavigationMenu>
        <VerticalNavigationMenu>
          <Name />
          <LastModifiedDate>2018-06-30T20:05:47.6800152-07:00</LastModifiedDate>
        </VerticalNavigationMenu>
        <ThemeIdentity>
          <Id>0178FEA2525C4F3D8AC51E3C273D865D</Id>
          <AutomaticallyPopulate>true</AutomaticallyPopulate>
          <Name>TotalAgility Workspace</Name>
        </ThemeIdentity>
      </MobileSite>
      <SiteLanguages />
    </Settings>
    <LockedBy>
      <Id>D20F58F229444EA9922AB605FC2BE6EC</Id>
      <AutomaticallyPopulate>true</AutomaticallyPopulate>
      <Name />
      <ResourceType>Worker</ResourceType>
      <EmailAddress />
      <UserId />
    </LockedBy>
  </Site>
</ArrayOfSite>