<?xml version="1.0" encoding="utf-16"?><SpaPackageImportExportData xmlns:xsd="http://www.w3.org/2001/XMLSchema" xmlns:xsi="http://www.w3.org/2001/XMLSchema-instance" dbversion="7.328000"><PackageSummary><SpaPackageIdentity><Id>AB7320CB64A3431B8AAE9B71B4D8CBAE</Id><Name>EnhancedWorkspace</Name><Version>3</Version></SpaPackageIdentity><Description>https://github.com/smklancher/KTA-Enhanced-Workspace</Description><CategoryIdentity><Id>71C6F95F56EB41F9AE8BA963494B0106</Id><AutomaticallyPopulate>true</AutomaticallyPopulate><Name>EnhancedWorkspace                                 </Name></CategoryIdentity><LastModifiedDateTime>2018-07-16T11:42:37.907</LastModifiedDateTime><LastModifiedResource><Id>D20F58F229444EA9922AB605FC2BE6EC</Id><AutomaticallyPopulate>true</AutomaticallyPopulate><Name /><ResourceType>Worker</ResourceType><EmailAddress /><UserId /></LastModifiedResource><Comments /><ResourceAccessTokens><ResourceAccess><ResourceIdentity><Id>7DF43CCDF24611D2804B00104B71BD15</Id><AutomaticallyPopulate>true</AutomaticallyPopulate><Name>Everyone</Name><ResourceType>GroupOfWorkers</ResourceType><EmailAddress /><UserId /></ResourceIdentity><AccessType>MaintenanceAccess</AccessType><PermissionType>FullControl</PermissionType></ResourceAccess></ResourceAccessTokens><PermissionType>FullControl</PermissionType></PackageSummary><Processes /><ProcessExportOption><ExportResources>false</ExportResources><ExportGroupResourceMembers>false</ExportGroupResourceMembers><ExportResourcesExtensions>false</ExportResourcesExtensions><ExportCategories>false</ExportCategories><WithCategoryParentage>false</WithCategoryParentage><GeneralizedExport>false</GeneralizedExport><ExportDotNetReferencesWithPath>true</ExportDotNetReferencesWithPath><ExportCaseFragments>false</ExportCaseFragments><ExportTemplateSkins>false</ExportTemplateSkins><ExportExtractionClassificationData>true</ExportExtractionClassificationData><ExportType>CombineAssociatedMaps</ExportType><Version>0</Version><ExportServerVariables>true</ExportServerVariables><PreloadScript>1</PreloadScript><SleepDuration>0</SleepDuration><CategoryIds /><ProcessDocument>false</ProcessDocument><ProcessViewer>false</ProcessViewer><DotNetActivityType>0</DotNetActivityType><Projects /><AllProcessVariables /><ExportOnlyDocumentGroupIdentityDetails>false</ExportOnlyDocumentGroupIdentityDetails><SiteDetailsRequired>false</SiteDetailsRequired><Assets /><IsSpaExport>false</IsSpaExport><ProcessType>BusinessProcess</ProcessType><ProtectedItems /></ProcessExportOption><WorkAllocationRules /><Skins /><BusinessRules /><Assets><ImportExportPackageSummaryOfAssetIdentity><Identity><Id>17BE43992D3247C1B60D265194CC08F9</Id><Name>EnhancedWorkspace.dll</Name><AssetType>DotNetAssembly</AssetType><AutomaticallyPopulate>true</AutomaticallyPopulate></Identity><LastModifiedBy><Id /><AutomaticallyPopulate>true</AutomaticallyPopulate><Name /><ResourceType>Worker</ResourceType><EmailAddress /><UserId /></LastModifiedBy><LastModified>2018-07-10T09:46:32.757</LastModified></ImportExportPackageSummaryOfAssetIdentity></Assets><Forms><ImportExportPackageSummaryOfFormIdentity><Identity><Id>46A0BDA49B5E4229A4C8599A592E37C0</Id><AutomaticallyPopulate>false</AutomaticallyPopulate><Name>LogonFormRedirect</Name><Version>5</Version></Identity><LastModifiedBy><Id>D20F58F229444EA9922AB605FC2BE6EC</Id><AutomaticallyPopulate>false</AutomaticallyPopulate><Name>kofax</Name><ResourceType>Worker</ResourceType><EmailAddress /><UserId /></LastModifiedBy><LastModified>2018-07-16T11:40:06.507</LastModified></ImportExportPackageSummaryOfFormIdentity><ImportExportPackageSummaryOfFormIdentity><Identity><Id>47054C66ED754185A671EA6440515E3F</Id><AutomaticallyPopulate>false</AutomaticallyPopulate><Name>EnhancedWorkspaceHeader</Name><Version>29</Version></Identity><LastModifiedBy><Id>D20F58F229444EA9922AB605FC2BE6EC</Id><AutomaticallyPopulate>false</AutomaticallyPopulate><Name>kofax</Name><ResourceType>Worker</ResourceType><EmailAddress /><UserId /></LastModifiedBy><LastModified>2018-06-30T20:05:28.653</LastModified></ImportExportPackageSummaryOfFormIdentity><ImportExportPackageSummaryOfFormIdentity><Identity><Id>E765EF71866D4C789F75964D98736C2C</Id><AutomaticallyPopulate>false</AutomaticallyPopulate><Name>RuntimeContext</Name><Version>2</Version></Identity><LastModifiedBy><Id>D20F58F229444EA9922AB605FC2BE6EC</Id><AutomaticallyPopulate>false</AutomaticallyPopulate><Name>kofax</Name><ResourceType>Worker</ResourceType><EmailAddress /><UserId /></LastModifiedBy><LastModified>2018-06-30T20:09:34.847</LastModified></ImportExportPackageSummaryOfFormIdentity><ImportExportPackageSummaryOfFormIdentity><Identity><Id>FA274BBCEF2A4882BE5C45BF8772E172</Id><AutomaticallyPopulate>false</AutomaticallyPopulate><Name>ScanModule</Name><Version>56</Version></Identity><LastModifiedBy><Id>D20F58F229444EA9922AB605FC2BE6EC</Id><AutomaticallyPopulate>false</AutomaticallyPopulate><Name>kofax</Name><ResourceType>Worker</ResourceType><EmailAddress /><UserId /></LastModifiedBy><LastModified>2018-06-30T20:03:56.357</LastModified></ImportExportPackageSummaryOfFormIdentity></Forms><FormExportOptions><ExportHeader>false</ExportHeader><ExportNavigation>false</ExportNavigation><ExportGlobalVariables>true</ExportGlobalVariables><ExportWebServices>false</ExportWebServices><ExportBusinessRules>false</ExportBusinessRules><ExportSecurityTokens>false</ExportSecurityTokens><ExportSecurityRoles>false</ExportSecurityRoles><ExportRoleMembers>false</ExportRoleMembers><IsSpaExport>false</IsSpaExport></FormExportOptions><Navigations /><Sites><ImportExportPackageSummaryOfSiteIdentity><Identity><Id>4DBDAD94E94D4BBE93AE0077525CA7C9</Id><AutomaticallyPopulate>true</AutomaticallyPopulate><Name>Debug</Name></Identity><LastModifiedBy><Id>D20F58F229444EA9922AB605FC2BE6EC</Id><AutomaticallyPopulate>true</AutomaticallyPopulate><Name>kofax</Name><ResourceType>Worker</ResourceType><EmailAddress /><UserId /></LastModifiedBy><LastModified>2018-06-30T20:04:53.963</LastModified></ImportExportPackageSummaryOfSiteIdentity><ImportExportPackageSummaryOfSiteIdentity><Identity><Id>CED79BD6185C4350872A2FED25BA16C7</Id><AutomaticallyPopulate>true</AutomaticallyPopulate><Name>BlankSite</Name></Identity><LastModifiedBy><Id>D20F58F229444EA9922AB605FC2BE6EC</Id><AutomaticallyPopulate>true</AutomaticallyPopulate><Name>kofax</Name><ResourceType>Worker</ResourceType><EmailAddress /><UserId /></LastModifiedBy><LastModified>2018-06-30T20:06:03.183</LastModified></ImportExportPackageSummaryOfSiteIdentity></Sites><Themes /><Languages /><Lookups /><Resources /><Entities /><WorkTypes /><Checklists /><Folders /><ExtractionGroups /><ClassificationGroups /><Formatters /><ChecklistItems /><Events /><Targets /><Alerts /><AlertExportOption><ExportAssociatedProcess>false</ExportAssociatedProcess></AlertExportOption><Categories><ImportExportPackageSummaryOfCategoryIdentity><Identity><Id>71C6F95F56EB41F9AE8BA963494B0106</Id><AutomaticallyPopulate>true</AutomaticallyPopulate><Name>EnhancedWorkspace</Name></Identity><LastModifiedBy><Id>D20F58F229444EA9922AB605FC2BE6EC</Id><AutomaticallyPopulate>true</AutomaticallyPopulate><Name>kofax</Name><ResourceType>Worker</ResourceType><EmailAddress /><UserId /></LastModifiedBy><LastModified>2018-06-30T20:02:39.017</LastModified></ImportExportPackageSummaryOfCategoryIdentity></Categories><ScanVrsProfiles /><SeparationProfiles /><PdfGenerationProfiles /><JobSchedules /><RegularExpressions /><Personas /><ServerVariables /><ServerVariablesCollection /><ThreadPools /><GlobalVariables /><GlobalVariablesCollection><ImportExportPackageSummaryOfSessionVariable><Identity><Identity><Name>SESSION_ID</Name><Id>161F8F818093437482D2886B7B6756BB</Id><AutomaticallyPopulate>true</AutomaticallyPopulate></Identity><Description>The current Session Identifer.</Description><Value /><IsLocalizable>false</IsLocalizable><Category><Id>201F370CA5164F76ADDD8EEEFF666AF7</Id><AutomaticallyPopulate>true</AutomaticallyPopulate><Name /></Category><LastModifiedDateTime>2017-11-07T16:47:19.767</LastModifiedDateTime><IsSecure>false</IsSecure></Identity><LastModifiedBy><Id /><AutomaticallyPopulate>true</AutomaticallyPopulate><Name /><ResourceType>Worker</ResourceType><EmailAddress /><UserId /></LastModifiedBy><LastModified>2017-11-07T16:47:19.767</LastModified></ImportExportPackageSummaryOfSessionVariable><ImportExportPackageSummaryOfSessionVariable><Identity><Identity><Name>RESOURCE_ID</Name><Id>3FE35DDD709A422588F9C8FE908C6393</Id><AutomaticallyPopulate>true</AutomaticallyPopulate></Identity><Description>The current Resource Identifer.</Description><Value /><IsLocalizable>false</IsLocalizable><Category><Id>201F370CA5164F76ADDD8EEEFF666AF7</Id><AutomaticallyPopulate>true</AutomaticallyPopulate><Name /></Category><LastModifiedDateTime>2016-03-23T20:53:22.667</LastModifiedDateTime><IsSecure>false</IsSecure></Identity><LastModifiedBy><Id /><AutomaticallyPopulate>true</AutomaticallyPopulate><Name /><ResourceType>Worker</ResourceType><EmailAddress /><UserId /></LastModifiedBy><LastModified>2016-03-23T20:53:22.667</LastModified></ImportExportPackageSummaryOfSessionVariable><ImportExportPackageSummaryOfSessionVariable><Identity><Identity><Name>RESOURCE_NAME</Name><Id>E6C90ACEAF974035B52AFE50012F84D6</Id><AutomaticallyPopulate>true</AutomaticallyPopulate></Identity><Description>The current Resource Name.</Description><Value /><IsLocalizable>false</IsLocalizable><Category><Id>201F370CA5164F76ADDD8EEEFF666AF7</Id><AutomaticallyPopulate>true</AutomaticallyPopulate><Name /></Category><LastModifiedDateTime>2016-03-23T20:53:22.667</LastModifiedDateTime><IsSecure>false</IsSecure></Identity><LastModifiedBy><Id /><AutomaticallyPopulate>true</AutomaticallyPopulate><Name /><ResourceType>Worker</ResourceType><EmailAddress /><UserId /></LastModifiedBy><LastModified>2016-03-23T20:53:22.667</LastModified></ImportExportPackageSummaryOfSessionVariable></GlobalVariablesCollection><ServerXmlExpressionVariables /><DotNetReferences /><MiscellaneousFiles /><Queries /><Localisations /><Packages /><ShowProcessAssociations>true</ShowProcessAssociations><ShowFormAssociations>true</ShowFormAssociations><SystemExportOptions><IncludeNoteTypes>false</IncludeNoteTypes><IncludeHotKeys>false</IncludeHotKeys></SystemExportOptions><ShowCategoryAssociations>false</ShowCategoryAssociations><Version><Major>7</Major><Minor>3</Minor><Build>1</Build><Revision>0</Revision></Version><DocumentTypeVariants /><ProtectAllItems>false</ProtectAllItems></SpaPackageImportExportData>