<?xml version="1.0" encoding="utf-16"?>
<ArrayOfSessionVariable xmlns:xsd="http://www.w3.org/2001/XMLSchema" xmlns:xsi="http://www.w3.org/2001/XMLSchema-instance">
  <SessionVariable>
    <Identity>
      <Name>SESSION_ID</Name>
      <Id>161F8F818093437482D2886B7B6756BB</Id>
      <AutomaticallyPopulate>true</AutomaticallyPopulate>
    </Identity>
    <Description>The current Session Identifer.</Description>
    <Value />
    <IsLocalizable>false</IsLocalizable>
    <Category>
      <Id>201F370CA5164F76ADDD8EEEFF666AF7</Id>
      <AutomaticallyPopulate>true</AutomaticallyPopulate>
      <Name />
    </Category>
    <LastModifiedDateTime>2017-11-07T16:47:19.767</LastModifiedDateTime>
    <IsSecure>false</IsSecure>
  </SessionVariable>
  <SessionVariable>
    <Identity>
      <Name>RESOURCE_ID</Name>
      <Id>3FE35DDD709A422588F9C8FE908C6393</Id>
      <AutomaticallyPopulate>true</AutomaticallyPopulate>
    </Identity>
    <Description>The current Resource Identifer.</Description>
    <Value />
    <IsLocalizable>false</IsLocalizable>
    <Category>
      <Id>201F370CA5164F76ADDD8EEEFF666AF7</Id>
      <AutomaticallyPopulate>true</AutomaticallyPopulate>
      <Name />
    </Category>
    <LastModifiedDateTime>2016-03-23T20:53:22.667</LastModifiedDateTime>
    <IsSecure>false</IsSecure>
  </SessionVariable>
  <SessionVariable>
    <Identity>
      <Name>RESOURCE_NAME</Name>
      <Id>E6C90ACEAF974035B52AFE50012F84D6</Id>
      <AutomaticallyPopulate>true</AutomaticallyPopulate>
    </Identity>
    <Description>The current Resource Name.</Description>
    <Value />
    <IsLocalizable>false</IsLocalizable>
    <Category>
      <Id>201F370CA5164F76ADDD8EEEFF666AF7</Id>
      <AutomaticallyPopulate>true</AutomaticallyPopulate>
      <Name />
    </Category>
    <LastModifiedDateTime>2016-03-23T20:53:22.667</LastModifiedDateTime>
    <IsSecure>false</IsSecure>
  </SessionVariable>
</ArrayOfSessionVariable>